timestamp,seed,is_unique,filename,cmd
2025-09-19T21:03:57.625728,1420941145,False,,/home/charliebrown/salima/weak_conflict_experiment/main 8 18 1 0 0 1
2025-09-19T21:03:57.672873,1974659644,True,max3sat_unique_seed_1974659644.txt,/home/charliebrown/salima/weak_conflict_experiment/main 8 18 1 0 0 1
2025-09-19T21:03:58.273281,848455683,False,,/home/charliebrown/salima/weak_conflict_experiment/main 8 18 1 0 0 1
2025-09-19T21:03:58.455477,43577179,False,,/home/charliebrown/salima/weak_conflict_experiment/main 8 18 1 0 0 1
2025-09-19T21:03:58.650602,1629160957,False,,/home/charliebrown/salima/weak_conflict_experiment/main 8 18 1 0 0 1
2025-09-19T21:04:04.851904,2762362126,False,,/home/charliebrown/salima/weak_conflict_experiment/main 8 18 1 0 0 1
2025-09-19T21:04:05.439120,1216710865,False,,/home/charliebrown/salima/weak_conflict_experiment/main 8 18 1 0 0 1
2025-09-19T21:04:06.483169,1137514700,True,max3sat_unique_seed_1137514700.txt,/home/charliebrown/salima/weak_conflict_experiment/main 8 18 1 0 0 1
2025-09-19T21:04:16.540673,4070529228,False,,/home/charliebrown/salima/weak_conflict_experiment/main 8 18 1 0 0 1
2025-09-19T21:04:20.418092,3026066168,True,max3sat_unique_seed_3026066168.txt,/home/charliebrown/salima/weak_conflict_experiment/main 8 18 1 0 0 1
2025-09-19T21:04:22.779038,2661333473,False,,/home/charliebrown/salima/weak_conflict_experiment/main 8 18 1 0 0 1
2025-09-19T21:04:23.459121,1862803151,False,,/home/charliebrown/salima/weak_conflict_experiment/main 8 18 1 0 0 1
2025-09-19T21:04:24.805301,3016639072,False,,/home/charliebrown/salima/weak_conflict_experiment/main 8 18 1 0 0 1
2025-09-19T21:04:29.325745,2786046919,False,,/home/charliebrown/salima/weak_conflict_experiment/main 8 18 1 0 0 1
2025-09-19T21:04:30.821537,2160493405,False,,/home/charliebrown/salima/weak_conflict_experiment/main 8 18 1 0 0 1
2025-09-19T21:04:34.249454,739815649,False,,/home/charliebrown/salima/weak_conflict_experiment/main 8 18 1 0 0 1
2025-09-19T21:04:39.632225,2790934009,False,,/home/charliebrown/salima/weak_conflict_experiment/main 8 18 1 0 0 1
2025-09-19T21:04:44.886235,1473970023,False,,/home/charliebrown/salima/weak_conflict_experiment/main 8 18 1 0 0 1
2025-09-19T21:04:47.248433,1006800159,False,,/home/charliebrown/salima/weak_conflict_experiment/main 8 18 1 0 0 1
2025-09-19T21:04:48.845812,3765458258,False,,/home/charliebrown/salima/weak_conflict_experiment/main 8 18 1 0 0 1
2025-09-19T21:04:51.276566,3650515049,False,,/home/charliebrown/salima/weak_conflict_experiment/main 8 18 1 0 0 1
2025-09-19T21:04:51.387482,1514211986,False,,/home/charliebrown/salima/weak_conflict_experiment/main 8 18 1 0 0 1
2025-09-19T21:04:56.983921,1537989098,False,,/home/charliebrown/salima/weak_conflict_experiment/main 8 18 1 0 0 1
2025-09-19T21:05:00.192088,944367727,False,,/home/charliebrown/salima/weak_conflict_experiment/main 8 18 1 0 0 1
2025-09-19T21:05:06.342844,3247534752,False,,/home/charliebrown/salima/weak_conflict_experiment/main 8 18 1 0 0 1
2025-09-19T21:05:07.681192,2784952093,False,,/home/charliebrown/salima/weak_conflict_experiment/main 8 18 1 0 0 1
2025-09-19T21:05:09.617315,3362645698,True,max3sat_unique_seed_3362645698.txt,/home/charliebrown/salima/weak_conflict_experiment/main 8 18 1 0 0 1
2025-09-19T21:05:10.614635,3598206407,False,,/home/charliebrown/salima/weak_conflict_experiment/main 8 18 1 0 0 1
2025-09-19T21:05:13.922844,2920300522,False,,/home/charliebrown/salima/weak_conflict_experiment/main 8 18 1 0 0 1
2025-09-19T21:05:15.452935,3697857974,False,,/home/charliebrown/salima/weak_conflict_experiment/main 8 18 1 0 0 1
2025-09-19T21:05:16.430538,2750796395,False,,/home/charliebrown/salima/weak_conflict_experiment/main 8 18 1 0 0 1
2025-09-19T21:05:27.176888,4239499135,False,,/home/charliebrown/salima/weak_conflict_experiment/main 8 18 1 0 0 1
2025-09-19T21:05:31.382027,478237895,True,max3sat_unique_seed_478237895.txt,/home/charliebrown/salima/weak_conflict_experiment/main 8 18 1 0 0 1
2025-09-19T21:05:35.938181,1811785564,False,,/home/charliebrown/salima/weak_conflict_experiment/main 8 18 1 0 0 1
2025-09-19T21:05:36.594744,2022339984,False,,/home/charliebrown/salima/weak_conflict_experiment/main 8 18 1 0 0 1
2025-09-19T21:05:38.703095,4196265508,False,,/home/charliebrown/salima/weak_conflict_experiment/main 8 18 1 0 0 1
2025-09-19T21:05:39.254829,2966325124,False,,/home/charliebrown/salima/weak_conflict_experiment/main 8 18 1 0 0 1
2025-09-19T21:05:43.408421,1329981300,False,,/home/charliebrown/salima/weak_conflict_experiment/main 8 18 1 0 0 1
2025-09-19T21:05:45.138772,3773931285,False,,/home/charliebrown/salima/weak_conflict_experiment/main 8 18 1 0 0 1
2025-09-19T21:05:49.249232,727197854,False,,/home/charliebrown/salima/weak_conflict_experiment/main 8 18 1 0 0 1
2025-09-19T21:05:52.735591,3308274309,False,,/home/charliebrown/salima/weak_conflict_experiment/main 8 18 1 0 0 1
2025-09-19T21:06:01.225721,3210402874,False,,/home/charliebrown/salima/weak_conflict_experiment/main 8 18 1 0 0 1
2025-09-19T21:06:03.061390,3477520016,False,,/home/charliebrown/salima/weak_conflict_experiment/main 8 18 1 0 0 1
2025-09-19T21:06:07.252229,2620749490,False,,/home/charliebrown/salima/weak_conflict_experiment/main 8 18 1 0 0 1
2025-09-19T21:06:09.704882,2032802284,False,,/home/charliebrown/salima/weak_conflict_experiment/main 8 18 1 0 0 1
2025-09-19T21:06:11.345736,2472986126,False,,/home/charliebrown/salima/weak_conflict_experiment/main 8 18 1 0 0 1
2025-09-19T21:06:11.508160,774355475,True,max3sat_unique_seed_774355475.txt,/home/charliebrown/salima/weak_conflict_experiment/main 8 18 1 0 0 1
2025-09-19T21:06:17.909289,2387382981,False,,/home/charliebrown/salima/weak_conflict_experiment/main 8 18 1 0 0 1
2025-09-19T21:06:18.047385,3217017035,False,,/home/charliebrown/salima/weak_conflict_experiment/main 8 18 1 0 0 1
2025-09-19T21:06:26.554944,3116776891,False,,/home/charliebrown/salima/weak_conflict_experiment/main 8 18 1 0 0 1
2025-09-19T21:06:27.978848,3315618440,False,,/home/charliebrown/salima/weak_conflict_experiment/main 8 18 1 0 0 1
2025-09-19T21:06:28.958663,3059120610,False,,/home/charliebrown/salima/weak_conflict_experiment/main 8 18 1 0 0 1
2025-09-19T21:06:31.755386,2776568382,False,,/home/charliebrown/salima/weak_conflict_experiment/main 8 18 1 0 0 1
2025-09-19T21:06:35.051092,565166534,False,,/home/charliebrown/salima/weak_conflict_experiment/main 8 18 1 0 0 1
2025-09-19T21:06:39.239299,210894561,False,,/home/charliebrown/salima/weak_conflict_experiment/main 8 18 1 0 0 1
2025-09-19T21:06:42.339078,1713132605,False,,/home/charliebrown/salima/weak_conflict_experiment/main 8 18 1 0 0 1
2025-09-19T21:06:44.267447,3290079773,False,,/home/charliebrown/salima/weak_conflict_experiment/main 8 18 1 0 0 1
2025-09-19T21:06:51.778855,2555932097,False,,/home/charliebrown/salima/weak_conflict_experiment/main 8 18 1 0 0 1
2025-09-19T21:06:52.312010,1532515839,False,,/home/charliebrown/salima/weak_conflict_experiment/main 8 18 1 0 0 1
2025-09-19T21:06:54.067138,3385311854,False,,/home/charliebrown/salima/weak_conflict_experiment/main 8 18 1 0 0 1
2025-09-19T21:06:55.830152,1830326986,True,max3sat_unique_seed_1830326986.txt,/home/charliebrown/salima/weak_conflict_experiment/main 8 18 1 0 0 1
2025-09-19T21:06:56.432098,3459328826,False,,/home/charliebrown/salima/weak_conflict_experiment/main 8 18 1 0 0 1
2025-09-19T21:07:00.566094,2235947771,False,,/home/charliebrown/salima/weak_conflict_experiment/main 8 18 1 0 0 1
2025-09-19T21:07:06.178061,1459019225,True,max3sat_unique_seed_1459019225.txt,/home/charliebrown/salima/weak_conflict_experiment/main 8 18 1 0 0 1
2025-09-19T21:07:10.082478,3187692294,False,,/home/charliebrown/salima/weak_conflict_experiment/main 8 18 1 0 0 1
2025-09-19T21:07:15.091136,1188279365,False,,/home/charliebrown/salima/weak_conflict_experiment/main 8 18 1 0 0 1
2025-09-19T21:07:17.604818,3184051393,False,,/home/charliebrown/salima/weak_conflict_experiment/main 8 18 1 0 0 1
2025-09-19T21:07:20.735830,1631061925,False,,/home/charliebrown/salima/weak_conflict_experiment/main 8 18 1 0 0 1
2025-09-19T21:07:21.467990,2161639565,False,,/home/charliebrown/salima/weak_conflict_experiment/main 8 18 1 0 0 1
2025-09-19T21:07:21.913224,4068795890,False,,/home/charliebrown/salima/weak_conflict_experiment/main 8 18 1 0 0 1
2025-09-19T21:07:27.807661,1664705151,False,,/home/charliebrown/salima/weak_conflict_experiment/main 8 18 1 0 0 1
2025-09-19T21:07:30.305656,3956343620,False,,/home/charliebrown/salima/weak_conflict_experiment/main 8 18 1 0 0 1
2025-09-19T21:07:31.596632,3514619416,False,,/home/charliebrown/salima/weak_conflict_experiment/main 8 18 1 0 0 1
2025-09-19T21:07:39.696909,3002016811,False,,/home/charliebrown/salima/weak_conflict_experiment/main 8 18 1 0 0 1
2025-09-19T21:07:45.017659,832289216,False,,/home/charliebrown/salima/weak_conflict_experiment/main 8 18 1 0 0 1
2025-09-19T21:07:48.118763,505499274,False,,/home/charliebrown/salima/weak_conflict_experiment/main 8 18 1 0 0 1
2025-09-19T21:07:48.119112,450894570,False,,/home/charliebrown/salima/weak_conflict_experiment/main 8 18 1 0 0 1
2025-09-19T21:07:49.518187,1538275137,False,,/home/charliebrown/salima/weak_conflict_experiment/main 8 18 1 0 0 1
2025-09-19T21:07:50.103943,647672258,False,,/home/charliebrown/salima/weak_conflict_experiment/main 8 18 1 0 0 1
2025-09-19T21:07:55.171157,4014336570,False,,/home/charliebrown/salima/weak_conflict_experiment/main 8 18 1 0 0 1
2025-09-19T21:07:55.523103,1016304115,True,max3sat_unique_seed_1016304115.txt,/home/charliebrown/salima/weak_conflict_experiment/main 8 18 1 0 0 1
2025-09-19T21:08:07.544445,1425885801,False,,/home/charliebrown/salima/weak_conflict_experiment/main 8 18 1 0 0 1
2025-09-19T21:08:09.307748,1963756957,False,,/home/charliebrown/salima/weak_conflict_experiment/main 8 18 1 0 0 1
2025-09-19T21:08:11.232772,401449518,False,,/home/charliebrown/salima/weak_conflict_experiment/main 8 18 1 0 0 1
2025-09-19T21:08:12.571792,2979321380,False,,/home/charliebrown/salima/weak_conflict_experiment/main 8 18 1 0 0 1
2025-09-19T21:08:13.964497,2209859732,True,max3sat_unique_seed_2209859732.txt,/home/charliebrown/salima/weak_conflict_experiment/main 8 18 1 0 0 1
2025-09-19T21:08:15.482988,4188691871,False,,/home/charliebrown/salima/weak_conflict_experiment/main 8 18 1 0 0 1
2025-09-19T21:08:16.463388,2656389885,False,,/home/charliebrown/salima/weak_conflict_experiment/main 8 18 1 0 0 1
2025-09-19T21:08:17.545695,4148249147,False,,/home/charliebrown/salima/weak_conflict_experiment/main 8 18 1 0 0 1
2025-09-19T21:08:24.548100,1620763340,False,,/home/charliebrown/salima/weak_conflict_experiment/main 8 18 1 0 0 1
2025-09-19T21:08:28.528846,1924825347,False,,/home/charliebrown/salima/weak_conflict_experiment/main 8 18 1 0 0 1
2025-09-19T21:08:28.782754,2033921307,False,,/home/charliebrown/salima/weak_conflict_experiment/main 8 18 1 0 0 1
2025-09-19T21:08:31.856376,2083139879,False,,/home/charliebrown/salima/weak_conflict_experiment/main 8 18 1 0 0 1
2025-09-19T21:08:36.521380,1350909760,False,,/home/charliebrown/salima/weak_conflict_experiment/main 8 18 1 0 0 1
2025-09-19T21:08:38.873899,1350429401,False,,/home/charliebrown/salima/weak_conflict_experiment/main 8 18 1 0 0 1
2025-09-19T21:08:41.154628,45163342,True,max3sat_unique_seed_45163342.txt,/home/charliebrown/salima/weak_conflict_experiment/main 8 18 1 0 0 1
2025-09-19T21:08:41.597557,1208241479,False,,/home/charliebrown/salima/weak_conflict_experiment/main 8 18 1 0 0 1
2025-09-19T21:08:44.285034,1291381428,False,,/home/charliebrown/salima/weak_conflict_experiment/main 8 18 1 0 0 1
2025-09-19T21:08:45.297961,2257767529,False,,/home/charliebrown/salima/weak_conflict_experiment/main 8 18 1 0 0 1
2025-09-19T21:08:47.497320,3347355812,False,,/home/charliebrown/salima/weak_conflict_experiment/main 8 18 1 0 0 1
2025-09-19T21:08:51.747220,3032836331,False,,/home/charliebrown/salima/weak_conflict_experiment/main 8 18 1 0 0 1
2025-09-19T21:08:56.551047,1105550308,False,,/home/charliebrown/salima/weak_conflict_experiment/main 8 18 1 0 0 1
2025-09-19T21:09:02.072539,3496128251,False,,/home/charliebrown/salima/weak_conflict_experiment/main 8 18 1 0 0 1
2025-09-19T21:09:07.043660,4050802087,False,,/home/charliebrown/salima/weak_conflict_experiment/main 8 18 1 0 0 1
2025-09-19T21:09:07.420533,115352554,False,,/home/charliebrown/salima/weak_conflict_experiment/main 8 18 1 0 0 1
2025-09-19T21:09:08.178943,3641166801,False,,/home/charliebrown/salima/weak_conflict_experiment/main 8 18 1 0 0 1
2025-09-19T21:09:08.399363,3106698625,False,,/home/charliebrown/salima/weak_conflict_experiment/main 8 18 1 0 0 1
2025-09-19T21:09:08.884564,744491418,True,max3sat_unique_seed_744491418.txt,/home/charliebrown/salima/weak_conflict_experiment/main 8 18 1 0 0 1
2025-09-19T21:09:11.944739,1846995476,False,,/home/charliebrown/salima/weak_conflict_experiment/main 8 18 1 0 0 1
2025-09-19T21:09:15.869553,2626599753,False,,/home/charliebrown/salima/weak_conflict_experiment/main 8 18 1 0 0 1
2025-09-19T21:09:20.237913,3913404229,False,,/home/charliebrown/salima/weak_conflict_experiment/main 8 18 1 0 0 1
2025-09-19T21:09:21.438461,1485745352,False,,/home/charliebrown/salima/weak_conflict_experiment/main 8 18 1 0 0 1
2025-09-19T21:09:28.181727,1617154496,False,,/home/charliebrown/salima/weak_conflict_experiment/main 8 18 1 0 0 1
2025-09-19T21:09:28.718516,2290749553,False,,/home/charliebrown/salima/weak_conflict_experiment/main 8 18 1 0 0 1
2025-09-19T21:09:28.841964,2579896759,False,,/home/charliebrown/salima/weak_conflict_experiment/main 8 18 1 0 0 1
2025-09-19T21:09:30.973317,2119833659,False,,/home/charliebrown/salima/weak_conflict_experiment/main 8 18 1 0 0 1
2025-09-19T21:09:32.497204,1294968465,False,,/home/charliebrown/salima/weak_conflict_experiment/main 8 18 1 0 0 1
2025-09-19T21:09:34.824361,2105921,False,,/home/charliebrown/salima/weak_conflict_experiment/main 8 18 1 0 0 1
2025-09-19T21:09:38.689184,819294882,False,,/home/charliebrown/salima/weak_conflict_experiment/main 8 18 1 0 0 1
2025-09-19T21:09:38.868955,3854224595,True,max3sat_unique_seed_3854224595.txt,/home/charliebrown/salima/weak_conflict_experiment/main 8 18 1 0 0 1
2025-09-19T21:09:44.089467,1362041808,True,max3sat_unique_seed_1362041808.txt,/home/charliebrown/salima/weak_conflict_experiment/main 8 18 1 0 0 1
2025-09-19T21:09:45.439430,3138233225,False,,/home/charliebrown/salima/weak_conflict_experiment/main 8 18 1 0 0 1
2025-09-19T21:09:45.547291,1027601671,False,,/home/charliebrown/salima/weak_conflict_experiment/main 8 18 1 0 0 1
2025-09-19T21:09:45.630379,218533317,False,,/home/charliebrown/salima/weak_conflict_experiment/main 8 18 1 0 0 1
2025-09-19T21:09:49.669718,2386762915,False,,/home/charliebrown/salima/weak_conflict_experiment/main 8 18 1 0 0 1
2025-09-19T21:09:56.458080,568508866,False,,/home/charliebrown/salima/weak_conflict_experiment/main 8 18 1 0 0 1
2025-09-19T21:09:56.598620,3465159541,False,,/home/charliebrown/salima/weak_conflict_experiment/main 8 18 1 0 0 1
2025-09-19T21:10:00.368011,1074874436,False,,/home/charliebrown/salima/weak_conflict_experiment/main 8 18 1 0 0 1
2025-09-19T21:10:01.588407,3150835063,False,,/home/charliebrown/salima/weak_conflict_experiment/main 8 18 1 0 0 1
2025-09-19T21:10:03.597961,652752800,False,,/home/charliebrown/salima/weak_conflict_experiment/main 8 18 1 0 0 1
2025-09-19T21:10:07.606673,3027740061,False,,/home/charliebrown/salima/weak_conflict_experiment/main 8 18 1 0 0 1
2025-09-19T21:10:07.647696,313645025,False,,/home/charliebrown/salima/weak_conflict_experiment/main 8 18 1 0 0 1
2025-09-19T21:10:12.656357,777438115,False,,/home/charliebrown/salima/weak_conflict_experiment/main 8 18 1 0 0 1
2025-09-19T21:10:14.692405,1070090424,False,,/home/charliebrown/salima/weak_conflict_experiment/main 8 18 1 0 0 1
2025-09-19T21:10:15.086652,1454290713,False,,/home/charliebrown/salima/weak_conflict_experiment/main 8 18 1 0 0 1
2025-09-19T21:10:18.977954,193514247,True,max3sat_unique_seed_193514247.txt,/home/charliebrown/salima/weak_conflict_experiment/main 8 18 1 0 0 1
2025-09-19T21:10:21.151674,3293143148,False,,/home/charliebrown/salima/weak_conflict_experiment/main 8 18 1 0 0 1
2025-09-19T21:10:21.993250,573694153,False,,/home/charliebrown/salima/weak_conflict_experiment/main 8 18 1 0 0 1
2025-09-19T21:10:26.116918,914700039,False,,/home/charliebrown/salima/weak_conflict_experiment/main 8 18 1 0 0 1
2025-09-19T21:10:31.960770,4194950164,False,,/home/charliebrown/salima/weak_conflict_experiment/main 8 18 1 0 0 1
2025-09-19T21:10:33.481511,1789136978,False,,/home/charliebrown/salima/weak_conflict_experiment/main 8 18 1 0 0 1
2025-09-19T21:10:34.238425,2035266933,False,,/home/charliebrown/salima/weak_conflict_experiment/main 8 18 1 0 0 1
2025-09-19T21:10:37.704174,513575386,False,,/home/charliebrown/salima/weak_conflict_experiment/main 8 18 1 0 0 1
2025-09-19T21:10:38.050782,1760365277,False,,/home/charliebrown/salima/weak_conflict_experiment/main 8 18 1 0 0 1
2025-09-19T21:10:38.459801,587997903,False,,/home/charliebrown/salima/weak_conflict_experiment/main 8 18 1 0 0 1
2025-09-19T21:10:40.687218,322875485,False,,/home/charliebrown/salima/weak_conflict_experiment/main 8 18 1 0 0 1
2025-09-19T21:10:45.020997,3080414290,False,,/home/charliebrown/salima/weak_conflict_experiment/main 8 18 1 0 0 1
2025-09-19T21:10:51.516226,1630565885,False,,/home/charliebrown/salima/weak_conflict_experiment/main 8 18 1 0 0 1
2025-09-19T21:10:52.283285,426692716,False,,/home/charliebrown/salima/weak_conflict_experiment/main 8 18 1 0 0 1
2025-09-19T21:10:53.145486,71883638,False,,/home/charliebrown/salima/weak_conflict_experiment/main 8 18 1 0 0 1
2025-09-19T21:10:54.942064,722524600,False,,/home/charliebrown/salima/weak_conflict_experiment/main 8 18 1 0 0 1
2025-09-19T21:10:58.172064,1817586453,False,,/home/charliebrown/salima/weak_conflict_experiment/main 8 18 1 0 0 1
2025-09-19T21:11:02.500409,1570061707,False,,/home/charliebrown/salima/weak_conflict_experiment/main 8 18 1 0 0 1
2025-09-19T21:11:04.512458,3321279492,True,max3sat_unique_seed_3321279492.txt,/home/charliebrown/salima/weak_conflict_experiment/main 8 18 1 0 0 1
2025-09-19T21:11:04.652721,2899953878,False,,/home/charliebrown/salima/weak_conflict_experiment/main 8 18 1 0 0 1
2025-09-19T21:11:08.966751,236958007,False,,/home/charliebrown/salima/weak_conflict_experiment/main 8 18 1 0 0 1
2025-09-19T21:11:10.555928,2655110782,True,max3sat_unique_seed_2655110782.txt,/home/charliebrown/salima/weak_conflict_experiment/main 8 18 1 0 0 1
2025-09-19T21:11:11.273051,1058408779,False,,/home/charliebrown/salima/weak_conflict_experiment/main 8 18 1 0 0 1
2025-09-19T21:11:13.698440,3512365980,False,,/home/charliebrown/salima/weak_conflict_experiment/main 8 18 1 0 0 1
2025-09-19T21:11:15.633092,3456214930,False,,/home/charliebrown/salima/weak_conflict_experiment/main 8 18 1 0 0 1
2025-09-19T21:11:22.301210,3760354292,False,,/home/charliebrown/salima/weak_conflict_experiment/main 8 18 1 0 0 1
2025-09-19T21:11:22.433923,3811533258,False,,/home/charliebrown/salima/weak_conflict_experiment/main 8 18 1 0 0 1
2025-09-19T21:11:25.090476,270142261,False,,/home/charliebrown/salima/weak_conflict_experiment/main 8 18 1 0 0 1
2025-09-19T21:11:28.987246,2282172478,False,,/home/charliebrown/salima/weak_conflict_experiment/main 8 18 1 0 0 1
2025-09-19T21:11:29.059462,2941341346,False,,/home/charliebrown/salima/weak_conflict_experiment/main 8 18 1 0 0 1
2025-09-19T21:11:31.687140,3948684757,True,max3sat_unique_seed_3948684757.txt,/home/charliebrown/salima/weak_conflict_experiment/main 8 18 1 0 0 1
2025-09-19T21:11:33.154288,1399711435,False,,/home/charliebrown/salima/weak_conflict_experiment/main 8 18 1 0 0 1
2025-09-19T21:11:34.760522,3156129041,False,,/home/charliebrown/salima/weak_conflict_experiment/main 8 18 1 0 0 1
2025-09-19T21:11:38.503832,1675456164,False,,/home/charliebrown/salima/weak_conflict_experiment/main 8 18 1 0 0 1
2025-09-19T21:11:40.677863,1674283711,False,,/home/charliebrown/salima/weak_conflict_experiment/main 8 18 1 0 0 1
2025-09-19T21:11:45.135905,147853397,True,max3sat_unique_seed_147853397.txt,/home/charliebrown/salima/weak_conflict_experiment/main 8 18 1 0 0 1
2025-09-19T21:11:45.394908,2181355627,False,,/home/charliebrown/salima/weak_conflict_experiment/main 8 18 1 0 0 1
2025-09-19T21:11:47.790045,1826863829,True,max3sat_unique_seed_1826863829.txt,/home/charliebrown/salima/weak_conflict_experiment/main 8 18 1 0 0 1
2025-09-19T21:11:50.282736,3414337024,False,,/home/charliebrown/salima/weak_conflict_experiment/main 8 18 1 0 0 1
2025-09-19T21:11:52.243544,3052721571,False,,/home/charliebrown/salima/weak_conflict_experiment/main 8 18 1 0 0 1
2025-09-19T21:11:53.490902,2343831472,False,,/home/charliebrown/salima/weak_conflict_experiment/main 8 18 1 0 0 1
2025-09-19T21:11:56.963179,4156763825,False,,/home/charliebrown/salima/weak_conflict_experiment/main 8 18 1 0 0 1
2025-09-19T21:11:59.573982,3045511389,False,,/home/charliebrown/salima/weak_conflict_experiment/main 8 18 1 0 0 1
2025-09-19T21:12:02.317242,4031392500,True,max3sat_unique_seed_4031392500.txt,/home/charliebrown/salima/weak_conflict_experiment/main 8 18 1 0 0 1
2025-09-19T21:12:03.968636,2254438582,False,,/home/charliebrown/salima/weak_conflict_experiment/main 8 18 1 0 0 1
2025-09-19T21:12:06.684790,3018104004,False,,/home/charliebrown/salima/weak_conflict_experiment/main 8 18 1 0 0 1
2025-09-19T21:12:10.170289,1029916163,False,,/home/charliebrown/salima/weak_conflict_experiment/main 8 18 1 0 0 1
2025-09-19T21:12:11.003952,1287889626,False,,/home/charliebrown/salima/weak_conflict_experiment/main 8 18 1 0 0 1
2025-09-19T21:12:12.716977,275422168,False,,/home/charliebrown/salima/weak_conflict_experiment/main 8 18 1 0 0 1
2025-09-19T21:12:14.275650,3245623066,False,,/home/charliebrown/salima/weak_conflict_experiment/main 8 18 1 0 0 1
2025-09-19T21:12:19.608957,1738856834,True,max3sat_unique_seed_1738856834.txt,/home/charliebrown/salima/weak_conflict_experiment/main 8 18 1 0 0 1
2025-09-19T21:12:20.721718,2610019346,False,,/home/charliebrown/salima/weak_conflict_experiment/main 8 18 1 0 0 1
2025-09-19T21:12:22.647222,545321258,False,,/home/charliebrown/salima/weak_conflict_experiment/main 8 18 1 0 0 1
2025-09-19T21:12:24.552097,2085290454,False,,/home/charliebrown/salima/weak_conflict_experiment/main 8 18 1 0 0 1
2025-09-19T21:12:28.196807,804282545,False,,/home/charliebrown/salima/weak_conflict_experiment/main 8 18 1 0 0 1
2025-09-19T21:12:30.015788,232454979,False,,/home/charliebrown/salima/weak_conflict_experiment/main 8 18 1 0 0 1
2025-09-19T21:12:30.666459,4214177834,False,,/home/charliebrown/salima/weak_conflict_experiment/main 8 18 1 0 0 1
2025-09-19T21:12:31.873234,4148502998,False,,/home/charliebrown/salima/weak_conflict_experiment/main 8 18 1 0 0 1
2025-09-19T21:12:40.668306,2612377074,False,,/home/charliebrown/salima/weak_conflict_experiment/main 8 18 1 0 0 1
2025-09-19T21:12:41.753692,4129529867,False,,/home/charliebrown/salima/weak_conflict_experiment/main 8 18 1 0 0 1
2025-09-19T21:12:42.770330,106038708,False,,/home/charliebrown/salima/weak_conflict_experiment/main 8 18 1 0 0 1
2025-09-19T21:12:43.412768,3801093076,True,max3sat_unique_seed_3801093076.txt,/home/charliebrown/salima/weak_conflict_experiment/main 8 18 1 0 0 1
2025-09-19T21:12:48.727886,694254999,False,,/home/charliebrown/salima/weak_conflict_experiment/main 8 18 1 0 0 1
2025-09-19T21:12:50.196319,276684283,True,max3sat_unique_seed_276684283.txt,/home/charliebrown/salima/weak_conflict_experiment/main 8 18 1 0 0 1
2025-09-19T21:12:51.306015,3405952775,False,,/home/charliebrown/salima/weak_conflict_experiment/main 8 18 1 0 0 1
2025-09-19T21:12:52.617808,706358250,False,,/home/charliebrown/salima/weak_conflict_experiment/main 8 18 1 0 0 1
2025-09-19T21:12:57.126511,4025035387,False,,/home/charliebrown/salima/weak_conflict_experiment/main 8 18 1 0 0 1
2025-09-19T21:12:59.871736,108855499,True,max3sat_unique_seed_108855499.txt,/home/charliebrown/salima/weak_conflict_experiment/main 8 18 1 0 0 1
2025-09-19T21:13:01.583697,1942505591,False,,/home/charliebrown/salima/weak_conflict_experiment/main 8 18 1 0 0 1
2025-09-19T21:13:05.804332,1419932904,False,,/home/charliebrown/salima/weak_conflict_experiment/main 8 18 1 0 0 1
2025-09-19T21:13:09.793002,650887535,False,,/home/charliebrown/salima/weak_conflict_experiment/main 8 18 1 0 0 1
2025-09-19T21:13:11.787589,1272424654,False,,/home/charliebrown/salima/weak_conflict_experiment/main 8 18 1 0 0 1
2025-09-19T21:13:13.273997,1141033807,False,,/home/charliebrown/salima/weak_conflict_experiment/main 8 18 1 0 0 1
2025-09-19T21:13:17.130913,2434465378,False,,/home/charliebrown/salima/weak_conflict_experiment/main 8 18 1 0 0 1
2025-09-19T21:13:17.783274,3423306611,False,,/home/charliebrown/salima/weak_conflict_experiment/main 8 18 1 0 0 1
2025-09-19T21:13:17.870181,3785536430,True,max3sat_unique_seed_3785536430.txt,/home/charliebrown/salima/weak_conflict_experiment/main 8 18 1 0 0 1
2025-09-19T21:13:17.983320,3481068266,False,,/home/charliebrown/salima/weak_conflict_experiment/main 8 18 1 0 0 1
2025-09-19T21:13:21.167169,3183261600,True,max3sat_unique_seed_3183261600.txt,/home/charliebrown/salima/weak_conflict_experiment/main 8 18 1 0 0 1
2025-09-19T21:13:29.220690,3369246505,False,,/home/charliebrown/salima/weak_conflict_experiment/main 8 18 1 0 0 1
2025-09-19T21:13:29.714785,763959590,False,,/home/charliebrown/salima/weak_conflict_experiment/main 8 18 1 0 0 1
2025-09-19T21:13:29.891023,2970866151,False,,/home/charliebrown/salima/weak_conflict_experiment/main 8 18 1 0 0 1
2025-09-19T21:13:34.551711,2735941865,True,max3sat_unique_seed_2735941865.txt,/home/charliebrown/salima/weak_conflict_experiment/main 8 18 1 0 0 1
2025-09-19T21:13:35.962993,1428310960,False,,/home/charliebrown/salima/weak_conflict_experiment/main 8 18 1 0 0 1
2025-09-19T21:13:36.433102,18600720,False,,/home/charliebrown/salima/weak_conflict_experiment/main 8 18 1 0 0 1
2025-09-19T21:13:41.132913,1206538338,False,,/home/charliebrown/salima/weak_conflict_experiment/main 8 18 1 0 0 1
2025-09-19T21:13:41.387845,2303943561,False,,/home/charliebrown/salima/weak_conflict_experiment/main 8 18 1 0 0 1
2025-09-19T21:13:42.868423,92070774,False,,/home/charliebrown/salima/weak_conflict_experiment/main 8 18 1 0 0 1
2025-09-19T21:13:46.768284,283098833,False,,/home/charliebrown/salima/weak_conflict_experiment/main 8 18 1 0 0 1
2025-09-19T21:13:53.294126,3041620845,True,max3sat_unique_seed_3041620845.txt,/home/charliebrown/salima/weak_conflict_experiment/main 8 18 1 0 0 1
2025-09-19T21:13:54.679433,3282813226,False,,/home/charliebrown/salima/weak_conflict_experiment/main 8 18 1 0 0 1
2025-09-19T21:13:55.002518,3357171142,False,,/home/charliebrown/salima/weak_conflict_experiment/main 8 18 1 0 0 1
2025-09-19T21:13:57.174334,3313117331,False,,/home/charliebrown/salima/weak_conflict_experiment/main 8 18 1 0 0 1
2025-09-19T21:13:57.498151,1141419946,True,max3sat_unique_seed_1141419946.txt,/home/charliebrown/salima/weak_conflict_experiment/main 8 18 1 0 0 1
2025-09-19T21:14:01.430963,173816213,False,,/home/charliebrown/salima/weak_conflict_experiment/main 8 18 1 0 0 1
2025-09-19T21:14:05.472700,257424239,False,,/home/charliebrown/salima/weak_conflict_experiment/main 8 18 1 0 0 1
2025-09-19T21:14:10.020365,1713532439,False,,/home/charliebrown/salima/weak_conflict_experiment/main 8 18 1 0 0 1
2025-09-19T21:14:10.514490,1819755370,True,max3sat_unique_seed_1819755370.txt,/home/charliebrown/salima/weak_conflict_experiment/main 8 18 1 0 0 1
2025-09-19T21:14:14.614891,2047922012,False,,/home/charliebrown/salima/weak_conflict_experiment/main 8 18 1 0 0 1
2025-09-19T21:14:16.723439,2099491809,False,,/home/charliebrown/salima/weak_conflict_experiment/main 8 18 1 0 0 1
2025-09-19T21:14:16.905558,69335016,False,,/home/charliebrown/salima/weak_conflict_experiment/main 8 18 1 0 0 1
2025-09-19T21:14:21.877426,2803735806,False,,/home/charliebrown/salima/weak_conflict_experiment/main 8 18 1 0 0 1
2025-09-19T21:14:26.568104,3310460770,False,,/home/charliebrown/salima/weak_conflict_experiment/main 8 18 1 0 0 1
2025-09-19T21:14:26.640322,2219547235,False,,/home/charliebrown/salima/weak_conflict_experiment/main 8 18 1 0 0 1
2025-09-19T21:14:27.668351,1765894039,False,,/home/charliebrown/salima/weak_conflict_experiment/main 8 18 1 0 0 1
2025-09-19T21:14:33.058903,3861271820,False,,/home/charliebrown/salima/weak_conflict_experiment/main 8 18 1 0 0 1
2025-09-19T21:14:35.831382,1029872179,False,,/home/charliebrown/salima/weak_conflict_experiment/main 8 18 1 0 0 1
2025-09-19T21:14:37.014490,2906426295,False,,/home/charliebrown/salima/weak_conflict_experiment/main 8 18 1 0 0 1
2025-09-19T21:14:37.673259,2378737753,True,max3sat_unique_seed_2378737753.txt,/home/charliebrown/salima/weak_conflict_experiment/main 8 18 1 0 0 1
2025-09-19T21:14:42.446857,3481507039,False,,/home/charliebrown/salima/weak_conflict_experiment/main 8 18 1 0 0 1
2025-09-19T21:14:44.777395,3075844360,False,,/home/charliebrown/salima/weak_conflict_experiment/main 8 18 1 0 0 1
2025-09-19T21:14:44.813428,407690737,False,,/home/charliebrown/salima/weak_conflict_experiment/main 8 18 1 0 0 1
2025-09-19T21:14:49.871093,3361057805,False,,/home/charliebrown/salima/weak_conflict_experiment/main 8 18 1 0 0 1
2025-09-19T21:14:54.703824,1044851671,True,max3sat_unique_seed_1044851671.txt,/home/charliebrown/salima/weak_conflict_experiment/main 8 18 1 0 0 1
2025-09-19T21:14:56.332963,1206926843,False,,/home/charliebrown/salima/weak_conflict_experiment/main 8 18 1 0 0 1
2025-09-19T21:14:57.710027,1644520642,False,,/home/charliebrown/salima/weak_conflict_experiment/main 8 18 1 0 0 1
2025-09-19T21:14:58.167150,2854405590,False,,/home/charliebrown/salima/weak_conflict_experiment/main 8 18 1 0 0 1
2025-09-19T21:14:59.069747,4234607904,False,,/home/charliebrown/salima/weak_conflict_experiment/main 8 18 1 0 0 1
2025-09-19T21:15:02.520783,2029081509,False,,/home/charliebrown/salima/weak_conflict_experiment/main 8 18 1 0 0 1
2025-09-19T21:15:06.824910,2627150103,False,,/home/charliebrown/salima/weak_conflict_experiment/main 8 18 1 0 0 1
2025-09-19T21:15:10.949901,4066951281,False,,/home/charliebrown/salima/weak_conflict_experiment/main 8 18 1 0 0 1
2025-09-19T21:15:14.679636,542476973,False,,/home/charliebrown/salima/weak_conflict_experiment/main 8 18 1 0 0 1
2025-09-19T21:15:16.292990,27714261,False,,/home/charliebrown/salima/weak_conflict_experiment/main 8 18 1 0 0 1
2025-09-19T21:15:16.411160,3252657728,False,,/home/charliebrown/salima/weak_conflict_experiment/main 8 18 1 0 0 1
2025-09-19T21:15:19.181487,826955478,False,,/home/charliebrown/salima/weak_conflict_experiment/main 8 18 1 0 0 1
2025-09-19T21:15:19.398684,239868779,False,,/home/charliebrown/salima/weak_conflict_experiment/main 8 18 1 0 0 1
2025-09-19T21:15:23.920681,4020725983,False,,/home/charliebrown/salima/weak_conflict_experiment/main 8 18 1 0 0 1
2025-09-19T21:15:30.772036,3923625354,False,,/home/charliebrown/salima/weak_conflict_experiment/main 8 18 1 0 0 1
2025-09-19T21:15:33.746543,1203247421,False,,/home/charliebrown/salima/weak_conflict_experiment/main 8 18 1 0 0 1
2025-09-19T21:15:35.161921,3804641350,False,,/home/charliebrown/salima/weak_conflict_experiment/main 8 18 1 0 0 1
2025-09-19T21:15:36.462224,82217911,False,,/home/charliebrown/salima/weak_conflict_experiment/main 8 18 1 0 0 1
2025-09-19T21:15:36.782110,643149933,True,max3sat_unique_seed_643149933.txt,/home/charliebrown/salima/weak_conflict_experiment/main 8 18 1 0 0 1
2025-09-19T21:15:36.864435,1070279263,False,,/home/charliebrown/salima/weak_conflict_experiment/main 8 18 1 0 0 1
2025-09-19T21:15:41.172679,3927980220,False,,/home/charliebrown/salima/weak_conflict_experiment/main 8 18 1 0 0 1
